_wikiPageID,_name,_comment,_description,Person,_abstract
38616368,"Andreas Ekberg","Andreas Ekberg (born 2 January 1985) is a Swedish football referee. Ekberg currently resides in Malmö. He has been a full international referee for FIFA since 2013. He became a professional referee in 2004 and has been an Allsvenskan referee since 2009. Ekberg has refereed 74 matches in Allsvenskan_ 55 matches in Superettan and 14 international matches as of 2014.","Swedish football referee",http://dbpedia.org/resource/Andreas_Ekberg,"Andreas Ekberg (born 2 January 1985) is a Swedish football referee. Ekberg currently resides in Malmö. He has been a full international referee for FIFA since 2013. He became a professional referee in 2004 and has been an Allsvenskan referee since 2009. Ekberg has refereed 74 matches in Allsvenskan_ 55 matches in Superettan and 14 international matches as of 2014."
24188476,"Danilo Tognon","The Canoeist Danilo Tognon (born October 9_ 1937) is an Italian sprint canoer who competed in the early 1960s. He was eliminated in the semifinals of the C-1 1000 m event at the 1960 Summer Olympics in Rome(the capital of Italy).","Italian canoeist",http://dbpedia.org/resource/Danilo_Tognon,"The Canoeist Danilo Tognon (born October 9_ 1937) is an Italian sprint canoer who competed in the early 1960s. He was eliminated in the semifinals of the C-1 1000 m event at the 1960 Summer Olympics in Rome(the capital of Italy)."
34851942,"Lorine Livington Pruette","Lorine Livington Pruette (1896–1977) was an American feminist_ psychologist_ and writer.","American psychologist",http://dbpedia.org/resource/Lorine_Livington_Pruette,"Lorine Livington Pruette (1896–1977) was an American feminist_ psychologist_ and writer."
35710429,"Megan Lawrence","Megan Lawrence (born 1972) is an American actress best known for her roles on Broadway. Among other honors_ she has been nominated for a Tony Award. She has also appeared Off-Broadway_ in regional theatre and on television.","Theatre actor",http://dbpedia.org/resource/Megan_Lawrence,"Megan Lawrence (born 1972) is an American actress best known for her roles on Broadway. Among other honors_ she has been nominated for a Tony Award. She has also appeared Off-Broadway_ in regional theatre and on television."
41728834,"Mirza Abolhassan Khan Ghaffari","Abu'l-Hasan Khan Ghaffari Kashani (1814–1866) (Persian: ابوالحسن غفاری‎‎)_ also known as Sani ol Molk (Persian: صنیع‌الملک‎‎) was an Iranian painter_ miniature and lacquer artist and book illustrator.","Iranian painter",http://dbpedia.org/resource/Sani_ol_molk,"Abu'l-Hasan Khan Ghaffari Kashani (1814–1866) (Persian: ابوالحسن غفاری‎‎)_ also known as Sani ol Molk (Persian: صنیع‌الملک‎‎) was an Iranian painter_ miniature and lacquer artist and book illustrator."
38782576,"Siniša Žugic","Siniša Žugić (Serbian: Синиша Жугић) (born December 17_ 1969) is a Serbian diver. He competed at the 1996 Summer Olympics in Atlanta and took 38th place in Men's Springboard. He currently works as a coach in Vračar Diving Club.","Serbian diver",http://dbpedia.org/resource/Siniša_Žugić,"Siniša Žugić (Serbian: Синиша Жугић) (born December 17_ 1969) is a Serbian diver. He competed at the 1996 Summer Olympics in Atlanta and took 38th place in Men's Springboard. He currently works as a coach in Vračar Diving Club."
26185854,"William Bagot_ 2nd Baron Bagot","William Bagot_ 2nd Baron Bagot (11 September 1773 – 12 February 1856) was a British peer. William Bagot was born in London_ the eldest son of William Bagot_ 1st Baron Bagot_ and his second wife Elizabeth Louisa St John. He was educated at Westminster School and matriculated at Christ Church_ Oxford on 10 November 1791. He married twice; firstly the Hon. Emily Fitzroy_ daughter of Lt-Gen Charles Fitzroy_ 1st Baron Southampton on 30 May 1799 and secondly (after the death in 1800 of his first wife) Lady Louisa Legge_ daughter of George Legge_ 3rd Earl of Dartmouth on 17 February 1807. He succeeded to his titles of 7th Baronet Bagot_ of Blithfield and 2nd Baron Bagot of Bagot's Bromley on 22 October 1798. He had one child_ Louisa Barbara who died in infancy_ by his first wife and six children_","British noble",http://dbpedia.org/resource/William_Bagot__2nd_Baron_Bagot,"William Bagot_ 2nd Baron Bagot (11 September 1773 – 12 February 1856) was a British peer. William Bagot was born in London_ the eldest son of William Bagot_ 1st Baron Bagot_ and his second wife Elizabeth Louisa St John. He was educated at Westminster School and matriculated at Christ Church_ Oxford on 10 November 1791. He married twice; firstly the Hon. Emily Fitzroy_ daughter of Lt-Gen Charles Fitzroy_ 1st Baron Southampton on 30 May 1799 and secondly (after the death in 1800 of his first wife) Lady Louisa Legge_ daughter of George Legge_ 3rd Earl of Dartmouth on 17 February 1807. He succeeded to his titles of 7th Baronet Bagot_ of Blithfield and 2nd Baron Bagot of Bagot's Bromley on 22 October 1798. He had one child_ Louisa Barbara who died in infancy_ by his first wife and six children_ Louisa Frances_ Agnes_ William (his successor)_ Hervey Charles_ Eleanor and Alfred Walter by his second. He was invested as a Fellow of Society of Antiquaries and then in 1834 awarded the honorary degree of Doctor of Civil Law (D.C.L.) by Oxford University. He wrote a book in 1823 "Memorials of the Bagot Family" detailing the Bagot family genealogy up to that point. Lord Bagot died at the family home in Blithfield_ Staffs and was succeeded in his titles by William Bagot_ 3rd Baron Bagot."
35810990,"Witold Gerutto","Witold Gerutto (1 October 1912 in Harbin_ China – 13 October 1973 in Konstancin) was a Polish shot putter and decathlete who competed in the 1948 Summer Olympics.","Olympic athlete",http://dbpedia.org/resource/Witold_Gerutto,"Witold Gerutto (1 October 1912 in Harbin_ China – 13 October 1973 in Konstancin) was a Polish shot putter and decathlete who competed in the 1948 Summer Olympics."
22919777,"Abdul Waheed","Abdul Waheed (born November 30_ 1936)_ also known as Abdul Waheed Khan_ was a member of Pakistan's gold medal winning 1960 Olympic Hockey team.He played center forward_ and scored the first goal in the team's final game. In September 2000 Abdul Waheed was interviewed by the changes in the motivation of Olympic athletes since his team won the gold medal: "When we won Olympic gold in hockey in 1960 we did not get anything in return. We would walk for miles to reach grounds and it was passion not lust that ruled our hearts."","Pakistani field hockey player",http://dbpedia.org/resource/Abdul_Waheed_(field_hockey),"Abdul Waheed (born November 30_ 1936)_ also known as Abdul Waheed Khan_ was a member of Pakistan's gold medal winning 1960 Olympic Hockey team.He played center forward_ and scored the first goal in the team's final game. In September 2000 Abdul Waheed was interviewed by the changes in the motivation of Olympic athletes since his team won the gold medal: "When we won Olympic gold in hockey in 1960 we did not get anything in return. We would walk for miles to reach grounds and it was passion not lust that ruled our hearts.""
20275529,"Ahmet Kurt Pasha","Ahmet Kurt Pasha was the founder and the first ruler of the Pashalik of Berat_ a semi-autonomous area within the Ottoman Empire. He descended from the Muzaka family_ which in the late Middle Ages had founded the Lordship of Berat.","Albanian noble",http://dbpedia.org/resource/Ahmet_Kurt_Pasha,"Ahmet Kurt Pasha was the founder and the first ruler of the Pashalik of Berat_ a semi-autonomous area within the Ottoman Empire. He descended from the Muzaka family_ which in the late Middle Ages had founded the Lordship of Berat."
46898929,"Anatoliy Abdula","Anatoliy Borysovych Abdula (Ukrainian: Анатолій Борисович Абдула_ born 12 November 1976 in Kharkiv_ Ukraine) is an Ukrainian professional football referee. He has been a full international for FIFA since 2012.","Ukrainian association football player and association football referee",http://dbpedia.org/resource/Anatoliy_Abdula,"Anatoliy Borysovych Abdula (Ukrainian: Анатолій Борисович Абдула_ born 12 November 1976 in Kharkiv_ Ukraine) is an Ukrainian professional football referee. He has been a full international for FIFA since 2012."
46897015,"Antonio Bova","Antonio Bova (1641- October 15_ 1701) was an Italian painter_ active mainly in Sicily.","Italian painter",http://dbpedia.org/resource/Antonio_Bova,"Antonio Bova (1641- October 15_ 1701) was an Italian painter_ active mainly in Sicily."
13214338,"Antonio Modarelli","Antonio Modarelli (born Braddock_ Pennsylvania – died 1954) was an American conductor and composer. Though popular in Europe_ even to the point of being the first American to be invited into the Gesellschaft der deutschen Komponisten_ Modarelli was never really appreciated at home_ being asked to resign by the board of the Pittsburgh Symphony Orchestra in 1936. Other orchestras led by Modarelli include the Wheeling Symphony Orchestra from 1937 to 1942 and West Virginia Symphony Orchestra from 1942 to 1954.","American conductor",http://dbpedia.org/resource/Antonio_Modarelli,"Antonio Modarelli (born Braddock_ Pennsylvania – died 1954) was an American conductor and composer. Though popular in Europe_ even to the point of being the first American to be invited into the Gesellschaft der deutschen Komponisten_ Modarelli was never really appreciated at home_ being asked to resign by the board of the Pittsburgh Symphony Orchestra in 1936. Other orchestras led by Modarelli include the Wheeling Symphony Orchestra from 1937 to 1942 and West Virginia Symphony Orchestra from 1942 to 1954."
26122586,"Antun Herceg","Antun Herceg (Serbian Cyrillic: Aнтун Xepцeг; born November 9_ 1927 in Inđija_ Kingdom of Yugoslavia) is a former Serbian football player.","Serbian footballer",http://dbpedia.org/resource/Antun_Herceg,"Antun Herceg (Serbian Cyrillic: Aнтун Xepцeг; born November 9_ 1927 in Inđija_ Kingdom of Yugoslavia) is a former Serbian football player."
42065702,"Astrit Hafizi","Astrit Hafizi is an Albanian former footballer and coach of Vllaznia_ as well as coach of Albania in a two years span (1997-1999).","Albanian footballer",http://dbpedia.org/resource/Astrit_Hafizi,"Astrit Hafizi is an Albanian former footballer and coach of Vllaznia_ as well as coach of Albania in a two years span (1997-1999)."
15186540,"Barry James","Barry James Tolentino Cruz is a stage actor and singer.","British actor",http://dbpedia.org/resource/Barry_James,"Barry James Tolentino Cruz is a stage actor and singer."
42261005,"Bojan Pandžić","Bojan Pandžić (born 13 March 1982) is a Swedish football referee. Pandžić currently resides in Hisings Backa_ part of Gothenburg. He has been a full international referee for FIFA since 2014. He became a professional referee in 2004 and has been an Allsvenskan referee since 2009. Pandzic has refereed 42 matches in Allsvenskan_ 65 matches in Superettan and 8 international matches as of 2014.","Swedish football referees",http://dbpedia.org/resource/Bojan_Pandžić,"Bojan Pandžić (born 13 March 1982) is a Swedish football referee. Pandžić currently resides in Hisings Backa_ part of Gothenburg. He has been a full international referee for FIFA since 2014. He became a professional referee in 2004 and has been an Allsvenskan referee since 2009. Pandzic has refereed 42 matches in Allsvenskan_ 65 matches in Superettan and 8 international matches as of 2014."
51260061,"Briana Provancha","Briana Provancha (born 25 April 1989) is a United States Olympic sailing contestant.","US Olympic sailing contestant",http://dbpedia.org/resource/Briana_Provancha,"Briana Provancha (born 25 April 1989) is a United States Olympic sailing contestant."
49875838,"Courtney Okolo","Courtney Okolo (March 15_ 1994) is an American track and field sprinter who competes in the 400-meter dash. She starred at Carrollton (Texas) Newman Smith High School where she won multiple individual state championships. Internationally she won both individual and relay events for the United States at the 2013 Pan American Junior Athletics Championships and the 2015 NACAC Championships in Athletics. Another gold came in the 4 × 400 m relay at the 2016 IAAF World Indoor Championships.","American athletics competitor",http://dbpedia.org/resource/Courtney_Okolo,"Courtney Okolo (March 15_ 1994) is an American track and field sprinter who competes in the 400-meter dash. She starred at Carrollton (Texas) Newman Smith High School where she won multiple individual state championships. In college she ran for the Texas Longhorns. She was fourth in the 400 m at the 2013 NCAA Outdoor Championships and then the following year she completed an individual and relay double at the 2014 NCAA Outdoor Championships. She set an American collegiate record in the 400 m that year when winning the Big 12 Outdoor Championships in 50.03 seconds. Okolo won consecutive titles in the women's 400 m and 4 × 400 m relay at the 2015 NCAA Outdoor Championships. Internationally she won both individual and relay events for the United States at the 2013 Pan American Junior Athletics Championships and the 2015 NACAC Championships in Athletics. Another gold came in the 4 × 400 m relay at the 2016 IAAF World Indoor Championships."
36577373,"Daryl Homer","Daryl Homer (born July 16_ 1990) is an American Olympic saber fencer. He competed in the 2012 Summer Olympics and the 2016 Summer Olympics. He won the silver medal in individual saber at the 2016 Olympics. He was also a silver medalist at the 2015 World Fencing Championships_ and is a five-time gold medalist at the Pan American Fencing Championships.","American fencer",http://dbpedia.org/resource/Daryl_Homer,"Daryl Homer (born July 16_ 1990) is an American Olympic saber fencer. He competed in the 2012 Summer Olympics and the 2016 Summer Olympics. He won the silver medal in individual saber at the 2016 Olympics. He was also a silver medalist at the 2015 World Fencing Championships_ and is a five-time gold medalist at the Pan American Fencing Championships."
31992906,"Edward Ling","Edward "Ed" Ling (born 7 March 1983) is an English sport shooter who represented Great Britain at the 2004 Summer Olympics_ 2012 Summer Olympics_ and 2016 Summer Olympics. Ling was born in Taunton_ Somerset. At the 2004 Summer Olympics in Athens he participated in the men's trap event_ finishing tied for 25th position. In 2012_ he also competed in the men's trap_ finishing in 21st position. At the 2016 Summer Olympics_ he won the bronze medal in the men's trap.","English sports shooter",http://dbpedia.org/resource/Edward_Ling,"Edward "Ed" Ling (born 7 March 1983) is an English sport shooter who represented Great Britain at the 2004 Summer Olympics_ 2012 Summer Olympics_ and 2016 Summer Olympics. Ling was born in Taunton_ Somerset. At the 2004 Summer Olympics in Athens he participated in the men's trap event_ finishing tied for 25th position. In 2012_ he also competed in the men's trap_ finishing in 21st position. At the 2016 Summer Olympics_ he won the bronze medal in the men's trap."
40194579,"Evangelista Schiano","Evangelista Schiano (active 1755 to 1776-1777) was an Italian painter_ mainly of sacred subjects.","Italian painter",http://dbpedia.org/resource/Evangelista_Schiano,"Evangelista Schiano (active 1755 to 1776-1777) was an Italian painter_ mainly of sacred subjects."
27787905,"Francesco Boffo","Francesco Carlo Boffo (Cyrillic: Франц Карлович Боффо; 1796–1867) was a Swiss-Italian-born Neoclassical architect who designed more than 30 buildings in Odessa between 1818 and 1861_ including the famous Potemkin Stairs.","Sardinian-born Neoclassical architect",http://dbpedia.org/resource/Francesco_Boffo,"Francesco Carlo Boffo (Cyrillic: Франц Карлович Боффо; 1796–1867) was a Swiss-Italian-born Neoclassical architect who designed more than 30 buildings in Odessa between 1818 and 1861_ including the famous Potemkin Stairs. Boffo was probably born in 1796 in Sardinia  and he was apprenticed to an architect in Ticino. He then joined the University of Turin before entering the service of the Potocki noble family in Poland. He served as Odessa's chief architect between 1822 and 1844. His patrons included Count Michael Vorontsov and his wife_ Elisabeth Branicka. Boffo was responsible for transforming Odessa into the open-air museum of Neoclassical architecture_ rivalling St. Petersburg in the north of Imperial Russia. The Potocki Palace_ Shidlovsky_ and Vorontsov Palaces in Odessa were built to his designs_ as was the Czarnomski Palace near Bershad (1817). The latter is famed for its uncanny resemblance to the White House. The Potemkin Stairs_ Boffo's most ambitious undertaking_ was modeled on the earlier Depaldo Stairs_ designed by him for the town of Taganrog in 1823. It was Boffo who conceived a 22-metre memorial column for the Kagul battlefield. He also built the Londonskaya Hotel building in 1826-28 as a private residence. The architect died in 1867 and he was buried in Odessa."
29771314,"Franciszek Szymura","Franciszek Szymura (December 7_ 1912_ Dortmund – May 18_ 1985_ Warsaw) was a Polish boxer who competed four times in the European Amateur Boxing Championships (1937_ 1939_ 1947_ and 1949) and in the 1948 Summer Olympics.","Polish boxer",http://dbpedia.org/resource/Franciszek_Szymura,"Franciszek Szymura (December 7_ 1912_ Dortmund – May 18_ 1985_ Warsaw) was a Polish boxer who competed four times in the European Amateur Boxing Championships (1937_ 1939_ 1947_ and 1949) and in the 1948 Summer Olympics. He won twice the silver medal in the 1937 European Amateur Boxing Championships in Milan and the 1939 European Amateur Boxing Championships in Dublin_ beat twice by Luigi Musina_ the upcoming professional European champion (1942–1947). At the 1948 Summer Olympics in London_ he was eliminated in the quarterfinals of the Light heavyweight class after losing his fight to the upcoming bronze medalist Mauro Cia."
36234937,"Frano Vićan","Frano Vićan (born 24 January 1976 in Dubrovnik) is a Croatian water polo player who competed in the 2000 Summer Olympics_ in the 2004 Summer Olympics_ and in the 2008 Summer Olympics. He was also a member of Croatia's gold medal winning team at the 2012 Summer Olympics.","Olympic water polo player",http://dbpedia.org/resource/Frano_Vićan,"Frano Vićan (born 24 January 1976 in Dubrovnik) is a Croatian water polo player who competed in the 2000 Summer Olympics_ in the 2004 Summer Olympics_ and in the 2008 Summer Olympics. He was also a member of Croatia's gold medal winning team at the 2012 Summer Olympics."
49436709,"George Green","George Green (born September 15_ 1927) is a former NASCAR Grand National (now Sprint Cup Series) driver. He finished 55th at both the 1959 Daytona 500 and the 1960 Daytona 500_ with him exiting the 1960 race with a gas tank explosion. He also finished 16th in the 1962 NASCAR Grand National Series standings_ racing 46 of 53 total races. Green was also a sergeant in the U.S. Army.","American racing driver",http://dbpedia.org/resource/George_Green_(driver),"George Green (born September 15_ 1927) is a former NASCAR Grand National (now Sprint Cup Series) driver. He finished 55th at both the 1959 Daytona 500 and the 1960 Daytona 500_ with him exiting the 1960 race with a gas tank explosion. He also finished 16th in the 1962 NASCAR Grand National Series standings_ racing 46 of 53 total races. Green was also a sergeant in the U.S. Army."
11798379,"George Sime","George Brander Sime (28 February 1915 – 9 September 1990) was a British and Scottish international field hockey player who competed in the 1948 Summer Olympics. He was a member and captain of the British field hockey team_ which won the silver medal. He played all five matches as halfback.","Field hockey player",http://dbpedia.org/resource/George_Sime,"George Brander Sime (28 February 1915 – 9 September 1990) was a British and Scottish international field hockey player who competed in the 1948 Summer Olympics. He was a member and captain of the British field hockey team_ which won the silver medal. He played all five matches as halfback."
14849282,"Grace McKenzie","Grace McKenzie (8 July 1903 – August 1988) was an English swimmer from Garston_ who competed in the 1920 Summer Olympics and 1924 Summer Olympics. In the 1920 Olympics she won a silver medal in the 4×100 m freestyle relay event and was third in the first round of 100 m freestyle event and fourth in the first round of 300 m freestyle event and did not advance in both occasions. Four years later in Paris she won a silver medal in the 4×100 m freestyle relay event.","British swimmer_ Olympic silver medallist",http://dbpedia.org/resource/Grace_McKenzie,"Grace McKenzie (8 July 1903 – August 1988) was an English swimmer from Garston_ who competed in the 1920 Summer Olympics and 1924 Summer Olympics. In the 1920 Olympics she won a silver medal in the 4×100 m freestyle relay event and was third in the first round of 100 m freestyle event and fourth in the first round of 300 m freestyle event and did not advance in both occasions. Four years later in Paris she won a silver medal in the 4×100 m freestyle relay event."
11777814,"Graham Dadds","Graham Bassett Dadds (16 March 1911 – 8 March 1980) was a British field hockey player who competed in the 1952 Summer Olympics. He was a member of the British field hockey team_ which won the bronze medal. He played one match as goalkeeper.","Field hockey player",http://dbpedia.org/resource/Graham_Dadds,"Graham Bassett Dadds (16 March 1911 – 8 March 1980) was a British field hockey player who competed in the 1952 Summer Olympics. He was a member of the British field hockey team_ which won the bronze medal. He played one match as goalkeeper."
38859870,"Hovhannes Avtandilyan","Hovhannes Avtandilyan (Armenian: Հովհաննէս Ավթանդիլյան_ born February 15_ 1978 in Yerevan_ Armenian SSR) is a male Armenian retired diver. He is a two-time Olympian who competed at the 1996 Summer Olympics and 2000 Summer Olympics in the men's 10 metre platform.","Armenian diver",http://dbpedia.org/resource/Hovhannes_Avtandilyan,"Hovhannes Avtandilyan (Armenian: Հովհաննէս Ավթանդիլյան_ born February 15_ 1978 in Yerevan_ Armenian SSR) is a male Armenian retired diver. He is a two-time Olympian who competed at the 1996 Summer Olympics and 2000 Summer Olympics in the men's 10 metre platform."
51250058,"Ilya Mokretsov","Ilya Mokretsov_ sometimes spelt Mokretcov (Russian: Илья Мокрецов_ born 17 April 1984_ Kazan) is a male sabre fencer who first represented Russia_ then Kazakhstan.","Kazakhstani fencer",http://dbpedia.org/resource/Ilya_Mokretsov,"Ilya Mokretsov_ sometimes spelt Mokretcov (Russian: Илья Мокрецов_ born 17 April 1984_ Kazan) is a male sabre fencer who first represented Russia_ then Kazakhstan."
35928437,"Jan Brumovský","Jan Brumovský (born 26 June 1937) is a Czech former football forward who competed in the 1964 Summer Olympics. He played in the Czechoslovak First League at club level for Dukla Prague_ taking part in 242 matches and scoring 42 goals.","czech soccer player",http://dbpedia.org/resource/Jan_Brumovský,"Jan Brumovský (born 26 June 1937) is a Czech former football forward who competed in the 1964 Summer Olympics. He played in the Czechoslovak First League at club level for Dukla Prague_ taking part in 242 matches and scoring 42 goals."
44165348,"Kirstie Alora","Kirstie Elaine Alora (born 29 November 1989) is a Filipina taekwondo practitioner. She represented the Philippines at the 2016 Summer Olympics after winning the silver medal at the Asian Olympic Qualifying Tournament. At the 2016 Summer Olympics_ she was defeated by Maria Espinoza of Mexico in the round of 16. She was then defeated by Wiam Dislam of Morocco in the repechage. Alora was the flag bearer for the Philippines during the closing ceremony.","Filipina taekwondo practitioner",http://dbpedia.org/resource/Kirstie_Alora,"Kirstie Elaine Alora (born 29 November 1989) is a Filipina taekwondo practitioner. She represented the Philippines at the 2016 Summer Olympics after winning the silver medal at the Asian Olympic Qualifying Tournament. At the 2016 Summer Olympics_ she was defeated by Maria Espinoza of Mexico in the round of 16. She was then defeated by Wiam Dislam of Morocco in the repechage. Alora was the flag bearer for the Philippines during the closing ceremony."
28236552,"Abdul Rashid","Lala Abdul Rashid (June 1_ 1922 – March 8_ 1989) was a member of Pakistan's gold medal winning 1960 Olympic field hockey team. He played as a goalkeeper throughout the tournament.","Field hockey player",http://dbpedia.org/resource/Lala_Abdul_Rashid,"Lala Abdul Rashid (June 1_ 1922 – March 8_ 1989) was a member of Pakistan's gold medal winning 1960 Olympic field hockey team. He played as a goalkeeper throughout the tournament."
25306408,"Larry W. Hurtado","Larry Hurtado (born 1943) is a New Testament scholar_ historian of early Christianity and Emeritus Professor of New Testament Language_ Literature and Theology at the University of Edinburgh_ Scotland (Professor 1996-2011). He was the Head of the School of Divinity 2007-2010_ and was until August 2011 Director of the Centre for the Study of Christian Origins_ at the University of Edinburgh.","American biblical scholar",http://dbpedia.org/resource/Larry_Hurtado,"Larry Hurtado (born 1943) is a New Testament scholar_ historian of early Christianity and Emeritus Professor of New Testament Language_ Literature and Theology at the University of Edinburgh_ Scotland (Professor 1996-2011). He was the Head of the School of Divinity 2007-2010_ and was until August 2011 Director of the Centre for the Study of Christian Origins_ at the University of Edinburgh."
39716720,"Luís Tinoco","Luís Tinoco is a Portuguese composer who has achieved renown for works including the operas Evil Machines (2008) and Paint Me (2010)_ and the cantata Wanderings of the Solitary Dreamer (2011). He was born in Portugal on 16 July 1969.","Composer",http://dbpedia.org/resource/Luís_Tinoco,"Luís Tinoco is a Portuguese composer who has achieved renown for works including the operas Evil Machines (2008) and Paint Me (2010)_ and the cantata Wanderings of the Solitary Dreamer (2011). He was born in Portugal on 16 July 1969."
40195274,"Marcus Lollius","Marcus Lollius perhaps with the cognomen Paulinus (flourished second half of 1st century BC and first half of 1st century) was a Roman Senator who served as a consul.","Roman Senator",http://dbpedia.org/resource/Marcus_Lollius_(suffect_consul),"Marcus Lollius perhaps with the cognomen Paulinus (flourished second half of 1st century BC and first half of 1st century) was a Roman Senator who served as a consul."
50450361,"Category:Maximilien Van Haaster","Maximilien van Haaster (born June 19_ 1992) is a male foil fencer from Canada. He won the bronze medal at the 2013 Pan American Fencing Championships in Cartagena_ and later competed at the 2015 Pan American Games_ in Toronto. Van Haaster qualified to represent his country at the 2016 Summer Olympics_ by being ranked in the top two in the Americas.","Canadian fencer",http://dbpedia.org/resource/Maximilien_van_Haaster,"Maximilien van Haaster (born June 19_ 1992) is a male foil fencer from Canada. He won the bronze medal at the 2013 Pan American Fencing Championships in Cartagena_ and later competed at the 2015 Pan American Games_ in Toronto. Van Haaster qualified to represent his country at the 2016 Summer Olympics_ by being ranked in the top two in the Americas."
50033422,"Mohammed Al-Hakim","Mohammed Al-Hakim (born 15 April 1985) is an Swedish-Iraqi football referee. Born in Irak_ Al-Hakim moved to Sweden with his family when he was 8 years old and settled in Köping_ where he still resides. He became a professional referee in 2008 and has been an Allsvenskan referee since 2012. Al-Hakim has refereed 66 matches in Allsvenskan and 39 matches in Superettan as of March 2016. In 2015_ he also became a FIFA referee. Outside of football_ he works part-time as an officer in the Swedish Armed Forces.","Swedish officer and association football referee",http://dbpedia.org/resource/Mohammed_Al-Hakim,"Mohammed Al-Hakim (born 15 April 1985) is an Swedish-Iraqi football referee. Born in Irak_ Al-Hakim moved to Sweden with his family when he was 8 years old and settled in Köping_ where he still resides. He became a professional referee in 2008 and has been an Allsvenskan referee since 2012. Al-Hakim has refereed 66 matches in Allsvenskan and 39 matches in Superettan as of March 2016. In 2015_ he also became a FIFA referee. Al-Hakim received much praise from both football pundits and supporters during his officiating in the 2015 season. After the season he was selected as "Referee of the year" by the Svenska Fotbollförbundet and received a prize at the annual Fotbollsgalan. In August 2015_ he was also noticed for his activities on social media_ when he started a Facebook page where he openly answered questions regarding his own in-game-decisions. Al-Hakim later closed the profile_ citing "lack of time" as the major cause. Outside of football_ he works part-time as an officer in the Swedish Armed Forces."
11521116,"Norman Borrett","Norman Francis Borrett (1 October 1917 – 10 December 2004) was a Cambridge hockey and squash Blue_ an England and Great Britain field hockey player_ a county cricketer_ and an England and Great Britain squash player. Described in his obituary in The Times as "arguably Britain's most talented post-war all-round amateur sportsman" Norman Borrett was a pupil and later a schoolmaster at Framlingham College. The story of Norman Borrett can be found in the book Master Sportsman by Richard Sayer. This book is dedicated to Norman's widow_ Mullie. He was born in Wanstead_ London and died in Colchester.","Sportsman",http://dbpedia.org/resource/Norman_Borrett,"Norman Francis Borrett (1 October 1917 – 10 December 2004) was a Cambridge hockey and squash Blue_ an England and Great Britain field hockey player_ a county cricketer_ and an England and Great Britain squash player. Described in his obituary in The Times as "arguably Britain's most talented post-war all-round amateur sportsman" Norman Borrett was a pupil and later a schoolmaster at Framlingham College. The story of Norman Borrett can be found in the book Master Sportsman by Richard Sayer. This book is dedicated to Norman's widow_ Mullie. He captained England 11 times in his 30 hockey internationals and at the 1948 Summer Olympics he captained the Great Britain field hockey team_ which won the silver medal_ playing in all five matches as inside-left and scoring 10 goals. He won the British Amateur Squash Championship in the first five years after the war_ 1946_47_48_49 and 50_ not losing a set in any of the finals. He played 11 times for England at squash_ and captained in most of them. He played cricket for Essex three times (1939 and 1946) and for Devon 50 times (1947–1950). He was born in Wanstead_ London and died in Colchester."
44509937,"Olena Kravatska","Olena Vitaliyivna Kravatska (Ukrainian: Олена Віталіївна Краватська; born 22 June 1992) is a Ukrainian sabre fencer. Competing in team events_ she is the 2015 World silver medalist and 2016 Olympic silver medalist.","Ukrainian fencer",http://dbpedia.org/resource/Olena_Kravatska,"Olena Vitaliyivna Kravatska (Ukrainian: Олена Віталіївна Краватська; born 22 June 1992) is a Ukrainian sabre fencer. Competing in team events_ she is the 2015 World silver medalist and 2016 Olympic silver medalist."
14359375,"Philip Skell","Philip S. Skell (December 30_ 1918 – November 21_ 2010) was an American chemist_ emeritus Evan Pugh Professor at Pennsylvania State University_ and from 1977 a member of the United States National Academy of Sciences.","Chemist",http://dbpedia.org/resource/Philip_Skell,"Philip S. Skell (December 30_ 1918 – November 21_ 2010) was an American chemist_ emeritus Evan Pugh Professor at Pennsylvania State University_ and from 1977 a member of the United States National Academy of Sciences."
42842912,"P. Moussette","Pierre Moussette (8 September 1861 – 10 February 1932) was a sailor from the France_ who represented his native country at the 1900 Summer Olympics in Paris_ France. Moussette took the 6th in the 2nd race of the 3 to 10 ton.","French sailor",http://dbpedia.org/resource/Pierre_Moussette,"Pierre Moussette (8 September 1861 – 10 February 1932) was a sailor from the France_ who represented his native country at the 1900 Summer Olympics in Paris_ France. Moussette took the 6th in the 2nd race of the 3 to 10 ton."
51597284,"Piotr Kochanowski","Piotr Kochanowski (1566-1620) was a Polish nobleman_ poet and translator. He belonged to a family of writers. He was a son of Mikołaj Kochanowski and a nephew of Jan Kochanowski. He was born in 1566 in Sycyna. He is famous for his translations from Italian. He translated into Polish what were generally esteemed to be the two greatest modern epic poems: Ludovico Ariosto's Orlando furioso (Roland Enraged) and Torquato Tasso's Gerusalemme liberata (Jerusalem Delivered). His version of Tasso's poem served as the Polish national epic. Piotr Kochanowski was the second poet in Poland (after Sebastian Grabowiecki) to use ottava rima_ which became very popular in Baroque Polish poetry. He died on 2 August 1620 and was buried at the Franciscan church in Cracow. He is commonly regarded as one of the ","Wikimedia disambiguation page",http://dbpedia.org/resource/Piotr_Kochanowski,"Piotr Kochanowski (1566-1620) was a Polish nobleman_ poet and translator. He belonged to a family of writers. He was a son of Mikołaj Kochanowski and a nephew of Jan Kochanowski. He was born in 1566 in Sycyna. He is famous for his translations from Italian. He translated into Polish what were generally esteemed to be the two greatest modern epic poems: Ludovico Ariosto's Orlando furioso (Roland Enraged) and Torquato Tasso's Gerusalemme liberata (Jerusalem Delivered). His version of Tasso's poem served as the Polish national epic. Piotr Kochanowski was the second poet in Poland (after Sebastian Grabowiecki) to use ottava rima_ which became very popular in Baroque Polish poetry. He died on 2 August 1620 and was buried at the Franciscan church in Cracow. He is commonly regarded as one of the most important Polish writers of the Renaissance."
11521877,"Robin Lindsay","Lieutenant-Colonel Frederick Robert Lindsay MC_ DSO (11 January 1914 – 6 April 2011) was a British field hockey player who competed in the 1948 Summer Olympics. Lindsay was born in Delhi_ where his father was a civil engineer for the Indian government_ and was educated at St Joseph's College in Darjeeling. He arrived in England in 1933 and enlisted in the King's Royal Rifle Corps. In 1937 he entered RMC Sandhurst_ where he played hockey for the Army and Scotland.","Field hockey player",http://dbpedia.org/resource/Robin_Lindsay,"Lieutenant-Colonel Frederick Robert Lindsay MC_ DSO (11 January 1914 – 6 April 2011) was a British field hockey player who competed in the 1948 Summer Olympics. Lindsay was born in Delhi_ where his father was a civil engineer for the Indian government_ and was educated at St Joseph's College in Darjeeling. He arrived in England in 1933 and enlisted in the King's Royal Rifle Corps. In 1937 he entered RMC Sandhurst_ where he played hockey for the Army and Scotland. Lindsay was commissioned into the Royal Tank Corps and served in North Africa during the Second World War_ winning the Military Cross and the DSO. He then saw action during the Invasion of Sicily in July 1943. In 1950 he returned to India as an instructor at the Indian Military Staff College in Wellington_ south India (now the Defense Services Staff College (DSSC). He was a member of the British field hockey team_ which won the silver medal. He played all five matches as halfback. The British team lost to India_ the country where Lindsay had learned the game."
36960806,"Simon Lee Evans","Simon Lee Evans (born 13 October 1975) is a Welsh international referee. Evans became a FIFA referee in 2004. He has refereed at 2010 and 2014 FIFA World Cup qualifiers.","football referee",http://dbpedia.org/resource/Simon_Lee_Evans,"Simon Lee Evans (born 13 October 1975) is a Welsh international referee. Evans became a FIFA referee in 2004. He has refereed at 2010 and 2014 FIFA World Cup qualifiers."
28365837,"Sybil Fane_ Countess of Westmorland","Sybil Fane_ Countess of Westmorland (20 August 1871 – 21 July 1910)_ born Lady Sybil Mary St Clair-Erskine_ was a British aristocrat and socialite.","British countess",http://dbpedia.org/resource/Sybil_Fane__Countess_of_Westmorland,"Sybil Fane_ Countess of Westmorland (20 August 1871 – 21 July 1910)_ born Lady Sybil Mary St Clair-Erskine_ was a British aristocrat and socialite."
49989398,"Tamirat Tola","Tamirat Tola Abera (born 11 August 1991) is a Ethiopian long-distance runner who competes in cross country running and road running. He was a team medallist for Ethiopia at the 2015 IAAF World Cross Country Championships and 2016 IAAF World Half Marathon Championships_ having had top six finishes.","Ethiopian athletics competitor",http://dbpedia.org/resource/Tamirat_Tola,"Tamirat Tola Abera (born 11 August 1991) is a Ethiopian long-distance runner who competes in cross country running and road running. He was a team medallist for Ethiopia at the 2015 IAAF World Cross Country Championships and 2016 IAAF World Half Marathon Championships_ having had top six finishes."
13608586,"Tibor Resznecki","Tibor Resznecki is a former U.S. soccer defender who earned three caps with the U.S. national team in 1965.","American soccer player",http://dbpedia.org/resource/Tibor_Resznecki,"Tibor Resznecki is a former U.S. soccer defender who earned three caps with the U.S. national team in 1965."
51309271,"Yémi Apithy","Yémi Geoffrey Apithy (b. 5 April 1989) is a French-Beninese sabre fencer representing Benin in international competitions_ silver medalist at the 2014 and 2015 African Championships. He bore the flag for Benin at the 2016 Summer Olympics.","Beninese fencer",http://dbpedia.org/resource/Yémi_Apithy,"Yémi Geoffrey Apithy (b. 5 April 1989) is a French-Beninese sabre fencer representing Benin in international competitions_ silver medalist at the 2014 and 2015 African Championships. He bore the flag for Benin at the 2016 Summer Olympics."
